https://cdn.prod.website-files.com/66d6b2980c2e76f5266a724c/66d6ba23377a44df6b250f69_Group%2043.png	group-43.png
https://cdn.prod.website-files.com/66d6b2980c2e76f5266a724c/66d6bd309cef0c4110d37f5b_Vector.svg	vector.svg
https://cdn.prod.website-files.com/66d6b2980c2e76f5266a724c/66d9fdfff0e281ab40abebd6_1580907556_aidu_ohneclaim_positiv_plain_rgb-01%202.png	1580907556-aidu-ohneclaim-positiv-plain-rgb-01-2.png
https://cdn.prod.website-files.com/66d6b2980c2e76f5266a724c/66d9fe18727397200b82dbe1_g4571.png	g4571.png
https://cdn.prod.website-files.com/66d6b2980c2e76f5266a724c/66d9fe2e908c2522554cce2e_bl%201.png	bl-1.png
https://cdn.prod.website-files.com/66d6b2980c2e76f5266a724c/66daef0188f80ce9a53cbeaa_Achievement-bro%201.png	achievement-bro-1.png
https://cdn.prod.website-files.com/66d6b2980c2e76f5266a724c/66e290e7fc1964800580063d_code_90%201.svg	code-90-1.svg
https://cdn.prod.website-files.com/66d6b2980c2e76f5266a724c/66e2922b073a274768b51703_circum_mobile-3.svg	circum-mobile-3.svg
https://cdn.prod.website-files.com/66d6b2980c2e76f5266a724c/66e29198e6507df8ae64e30c_API%201.svg	api-1.svg
https://cdn.prod.website-files.com/66d6b2980c2e76f5266a724c/66e2907ff7e33365b2611c7f_robot_90%201.svg	robot-90-1.svg
https://cdn.prod.website-files.com/66d6b2980c2e76f5266a724c/66e290a5e8ffda38b73f1357_testing_90%201.svg	testing-90-1.svg
https://cdn.prod.website-files.com/66d6b2980c2e76f5266a724c/66e290bafc196480057fed16_project_90%201.svg	project-90-1.svg
https://cdn.prod.website-files.com/66d6b2980c2e76f5266a724c/66dc00fae38da854fe9a244b_Project%20Stages-bro%201.png	project-stages-bro-1.png
https://cdn.prod.website-files.com/66d6b2980c2e76f5266a724c/66e28a6bf99abe81c7cf2127_Frame%2020481%20(1).svg	frame-20481-1.svg
https://cdn.prod.website-files.com/66d6b2980c2e76f5266a724c/66e28a10bbcf31fb30c7c66b_Group%202002.png	group-2002.png
https://cdn.prod.website-files.com/66d6b2980c2e76f5266a724c/66e28c9fea27777e7ed0b966_Frame%20(1).svg	frame-1.svg
https://cdn.prod.website-files.com/66d6b2980c2e76f5266a724c/66e28c5e93927f39a326b720_Main%20Layers%201.png	main-layers-1.png
https://cdn.prod.website-files.com/66d6b2980c2e76f5266a724c/66d6b2980c2e76f5266a727e_signlz-logo.svg	signlz-logo.svg
https://cdn.prod.website-files.com/66d6b2980c2e76f5266a724c/66d6b2980c2e76f5266a72a2_signlz-ai-powered-data-analytics%20(1).png	signlz-ai-powered-data-analytics-1.png
https://cdn.prod.website-files.com/66d6b2980c2e76f5266a724c/66d6b2980c2e76f5266a7288_Contruction-management%20platform.jpg	contruction-management-platform.jpg
https://cdn.prod.website-files.com/66d6b2980c2e76f5266a724c/66d6b2980c2e76f5266a7281_norgeo-logo.svg	norgeo-logo.svg
https://cdn.prod.website-files.com/66ed26aac42eb68c544ff772/66ed26e0f0732db97539602b_66d6b2980c2e76f5266a729b_Finding%20Top%20Software%20Developers%20in%202023.jpg	66d6b2980c2e76f5266a729b-finding-top-software-developers-in-2023.jpg
https://cdn.prod.website-files.com/66ed26aac42eb68c544ff772/66ed27d0f0732db9753a19b7_66d6b2980c2e76f5266a729c_Power%2520of%2520Operational%2520Analytics-p-800.jpg	66d6b2980c2e76f5266a729c-power-of-operational-analytics-p-800.jpg
https://cdn.prod.website-files.com/66ed26aac42eb68c544ff772/66ed2812f62485f989a30ca2_66d6b2980c2e76f5266a729a_2022%2520High-Tech%2520Recap-p-800.jpg	66d6b2980c2e76f5266a729a-2022-high-tech-recap-p-800.jpg
https://cdn.prod.website-files.com/66d6b2980c2e76f5266a724c/66d6b2980c2e76f5266a7272_trump_gothic_east_bold.ttf	trump-gothic-east-bold.ttf
https://cdn.prod.website-files.com/66d6b2980c2e76f5266a724c/66d6b5fafa9b2bbcf85c0a63_logo%20(1).svg	logo-1.svg
https://cdn.prod.website-files.com/62434fa732124a0fb112aab4/62434fa732124ac76f12aaec_product%20icon-2.svg	product-icon-2.svg
https://cdn.prod.website-files.com/62434fa732124a0fb112aab4/62434fa732124a4a9512aae0_product%20icon-1.svg	product-icon-1.svg
https://cdn.prod.website-files.com/66d6b2980c2e76f5266a724c/66d6bc74ab7d0333b0dbe3df_x-s49.svg	x-s49.svg
https://cdn.prod.website-files.com/66d6b2980c2e76f5266a724c/66e1475f9636e1e485a22657_Workflow.png	workflow.png
https://cdn.prod.website-files.com/66d6b2980c2e76f5266a724c/66e1489d8514b5005ef69ab2_services.png	services.png
https://cdn.prod.website-files.com/66d6b2980c2e76f5266a724c/66e1432a59cc3bb79123539c_Group%203%20(1).png	group-3-1.png
https://cdn.prod.website-files.com/66d6b2980c2e76f5266a724c/66e148e86cdd8c442e921bd2_careers.png	careers.png
https://cdn.prod.website-files.com/66d6b2980c2e76f5266a724c/66e2a56a8bc07952f9f91098_Ellipse%201238%20(1).png	ellipse-1238-1.png
https://cdn.prod.website-files.com/66d6b2980c2e76f5266a724c/66e3e6269c9e974ef31d02e2_Ellipse%201238.png	ellipse-1238.png
https://cdn.prod.website-files.com/66d6b2980c2e76f5266a724c/66e3e6392b10c452cff8aaf8_Ellipse%201238-1.png	ellipse-1238-1-2.png
https://cdn.prod.website-files.com/66d6b2980c2e76f5266a724c/66e3e6389e508999aa382f5d_Ellipse%201238-2.png	ellipse-1238-2.png
https://cdn.prod.website-files.com/66d6b2980c2e76f5266a724c/66e3e63884023dd56ca0c982_Ellipse%201238-3.png	ellipse-1238-3.png
https://cdn.prod.website-files.com/66d6b2980c2e76f5266a724c/66e3e638dbbda3a5a22af473_Ellipse%201238-4.png	ellipse-1238-4.png
https://cdn.prod.website-files.com/66d6b2980c2e76f5266a724c/66e3e638d02e0b2d4d82ed9a_Ellipse%201238-5.png	ellipse-1238-5.png
https://cdn.prod.website-files.com/66d6b2980c2e76f5266a724c/66e3e63844af0b106b2565c2_Ellipse%201238-6.png	ellipse-1238-6.png
https://cdn.prod.website-files.com/66d6b2980c2e76f5266a724c/66e3e638374f5b7b2c86c152_Ellipse%201238-7.png	ellipse-1238-7.png
https://cdn.prod.website-files.com/66d6b2980c2e76f5266a724c/66e3e638033b6111b54a22da_Ellipse%201238-8.png	ellipse-1238-8.png
https://cdn.prod.website-files.com/66d6b2980c2e76f5266a724c/66e3e638dbbda3a5a22af44d_Ellipse%201238-9.png	ellipse-1238-9.png
https://cdn.prod.website-files.com/66d6b2980c2e76f5266a724c/66e3e638f8cb87dab71bb23b_Ellipse%201238-10.png	ellipse-1238-10.png
https://cdn.prod.website-files.com/66d6b2980c2e76f5266a724c/66e3e721a4981cc2fba7341d_Ellipse%201238%20(1).png	ellipse-1238-1-3.png
https://cdn.prod.website-files.com/66d6b2980c2e76f5266a724c/66e3e638449a181523980c6f_Ellipse%201238-12.png	ellipse-1238-12.png
https://cdn.prod.website-files.com/66d6b2980c2e76f5266a724c/66e3e638a4981cc2fba65792_Ellipse%201238-13.png	ellipse-1238-13.png
https://cdn.prod.website-files.com/66d6b2980c2e76f5266a724c/66e3e638b954ac7456f557a6_Ellipse%201238-14.png	ellipse-1238-14.png
https://cdn.prod.website-files.com/66d6b2980c2e76f5266a724c/66e3e638333c03855afc5ed1_Ellipse%201238-15.png	ellipse-1238-15.png
https://cdn.prod.website-files.com/66d6b2980c2e76f5266a724c/66e3e63961d74f70a5358209_Ellipse%201238-16.png	ellipse-1238-16.png
